CLASS & DIVISION,SR. NO.,ENROLLMENT NO.,ROLL NO. & BATCH,NAME OF STUDENT,BATCH,STUDENT CONTACT NO.,STUDENT EMAIL ID
,,,,,,,
LY-AIA-1,1,ADT23SOCB0019,#REF!,ABHIGYAN UPADHYAY,Batch-A,7704990618,Upadhyayabhigyan76@gmaul.com
LY-AIA-1,2,ADT23SOCB0065,#REF!,ADITYA HIREN PANDYA,Batch-A,9724887997,aditya23805@gmail.com
LY-AIA-1,3,ADT23SOCB0066,#REF!,ADITYA KALYAN NALAWADE,Batch-A,8767513539,nalavdeaditya@gmail.com
LY-AIA-1,4,ADT23SOCB0078,#REF!,ADITYA UMESH KALBHOR,Batch-A,7038774676,adityaukalbhor7799@gmail.com
LY-AIA-1,5,ADT23SOCB0087,#REF!,AISHWARYA DESHMUKH,Batch-A,8830444108,deshmukhaishwarya85@gmail.com
LY-AIA-1,6,ADT23SOCB0090,#REF!,AJINKYA DESHMUKH,Batch-A,7499130325,illusiontoxic8472@gmail.com
LY-AIA-1,7,ADT23SOCB0106,#REF!,AMAAN ALIM BAGWAN,Batch-A,7276457836,bagwanamaan12125@gmail.com
LY-AIA-1,8,ADT23SOCB0136,#REF!,ANIMISH PRAMOD KULKARNI,Batch-A,8329652791,animishkulkarni0@gmail.com
LY-AIA-1,9,ADT23SOCB0165,#REF!,ANUSHKA PRAVIN BHADANE,Batch-A,8275502474,bhadaneanu16@gmail.com
LY-AIA-1,10,ADT23SOCB0167,#REF!,ANUSHKA SUNIL BHADANE,Batch-A,8799823144,anushkabhadane203@gmail.com
LY-AIA-1,11,ADT23SOCB0175,#REF!,APOORVA ASHOK SHETTY,Batch-A,8484887889,apoorvashetty10c6@gmail.com
LY-AIA-1,12,ADT23SOCB0197,#REF!,ARYA SHASHIKANT GHORPADE,Batch-A,9850020028,aryaghorpade08@gmail.com
LY-AIA-1,13,ADT23SOCB0204,#REF!,ARYAN BALASAHEB MANSUKE,Batch-A,7972743934,Aryanrich44@gmail.com
LY-AIA-1,14,ADT23SOCB0216,#REF!,ARYAN UMESH SHIRKE,Batch-A,9022332687,aaryana1u5s.shirke@gmail.com
LY-AIA-1,15,ADT23SOCB0223,#REF!,ASHISH RAI,Batch-A,9369016608,Ashishrai7251@gmai.com
LY-AIA-1,16,ADT23SOCB0255,#REF!,ATHARVA PRASHANT GAIKWAD,Batch-A,7499961048,atharvagaikwad9999@gmail.com
LY-AIA-1,17,ADT23SOCB0259,#REF!,ATHARVA SATISH JADHAV,Batch-A,9156970689,atharvajadhav1190@gmail.com
LY-AIA-1,18,ADT23SOCB0277,#REF!,AYUSH MAHTO,Batch-A,7248968780,ayushmahto849@gmail.com
LY-AIA-1,19,ADT23SOCB0313,#REF!,CHAITANYA MADAN PINGLE,Batch-A,8010541093,shriyashjagdale1@gmail.com
LY-AIA-1,20,ADT23SOCB0317,#REF!,CHAITANYA SUDHIR GHANGALE,Batch-A,7620790783,ghangalechaitanya0@gmail.com
LY-AIA-1,21,ADT23SOCB0330,#REF!,DEEPAK JANGID,Batch-A,8529833458,d.jjangid2002@gmail.com
LY-AIA-1,22,ADT23SOCB0332,#REF!,DEEPALI DESHMUKH,Batch-A,8010838624,deepalid2004@gmail.com
LY-AIA-1,23,ADT23SOCB0338,#REF!,DEVANSH MAHESH JAMDAR,Batch-A,,jamdardevansh2004@gmail.com
LY-AIA-1,24,ADT23SOCB0342,#REF!,DEVENDRA MANRAJ BAIRAGADE,Batch-A,8605976052,devendrabairagade@gmail.com
LY-AIA-1,25,ADT23SOCB0349,#REF!,DHEERENDRA SOLANKI,Batch-A,7455096185,dheerusolankidpss03@gmail.com
LY-AIA-1,26,ADT23SOCB0358,#REF!,DHRUV MINESH TAILOR,Batch-A,9512661213,dhruvtailor.76@gmail.com
LY-AIA-1,27,ADT23SOCB0367,#REF!,DIPTI MANOHAR SHINDE,Batch-A,7499469741,diptishinde021@gmail.com
LY-AIA-1,28,ADT23SOCB0369,#REF!,DISHA SHARMA,Batch-A,6396116271,dishavivanbiotech@gmail.com
LY-AIA-1,29,ADT23SOCB0373,#REF!,DISHARTH MANISH PATEL,Batch-A,9824922220,disharthpatel@gmail.com
LY-AIA-1,30,ADT23SOCB0376,#REF!,DIVYA PRADEEP KANOJIYA,Batch-A,9373684814,divyakanojiya05052005@gmail.com
LY-AIA-1,31,ADT23SOCB0400,#REF!,GAYATRI SHYAMRAO YEWALE,Batch-B,9322158160,gayatriiyewale2801@gmail.com
LY-AIA-1,32,ADT23SOCB0404,#REF!,GOPAL GANESH MUNAJL,Batch-B,9730542042,munjalgopal6@gmail.com
LY-AIA-1,33,ADT23SOCB0433,#REF!,HENE GAYATRI RAJKUMAR,Batch-B,7517561300,gayatrihene1@gmail.com
LY-AIA-1,34,ADT23SOCB0434,#REF!,HEPHZIBAH SUNIL KOLGE,Batch-B,9921170824,hephzibahkolge25@gmail.com
LY-AIA-1,35,ADT23SOCB0435,#REF!,HEYAA AJAY NAWALE,Batch-B,8149441364,heyaanawale@gmail.com
LY-AIA-1,36,ADT23SOCB0451,#REF!,IRA KOUL,Batch-B,8999055957,irakoul98@gmail.comi
LY-AIA-1,37,ADT23SOCB0464,#REF!,JAFAR RAHIM TAMBOLI,Batch-B,9699357027,tambolijafar24@gmail.com
LY-AIA-1,38,ADT23SOCB0509,#REF!,KARTIK SHARMA,Batch-B,9699812599,k4rtik.09@gmail.com
LY-AIA-1,39,ADT23SOCB0708,#REF!,PATIL NANDINI SHIVAJI,Batch-B,8888633528,nandinispatil88@gmail.com
LY-AIA-1,40,ADT23SOCB0738,#REF!,PRANAV DHANRAJ MAREKAR,Batch-B,9529158076,marekar1610pranav@gmail.com
LY-AIA-1,41,ADT23SOCB0746,#REF!,PRANAV RAMDAS KUMBHAR,Batch-B,7385976805,pranavkumbhar044@gmail.com
LY-AIA-1,42,ADT23SOCB0906,#REF!,SACHIN DEEPAK SINGH,Batch-B,7972552124,singhsachin1504@gmail.com
LY-AIA-1,43,ADT23SOCB0907,#REF!,SACHIN VAIJENATH JAYBHAYE,Batch-B,7499339696,sachinjaybhaye08@gmail.com
LY-AIA-1,44,ADT23SOCB0931,#REF!,SAIRAJ DADASAHEB PATIL,Batch-B,9561001042,Sayaapatil953@gmail.com
LY-AIA-1,45,ADT23SOCB0942,#REF!,SAKSHI KESHAV MULIK,Batch-B,7058120804,sakshi.mulik20@gmail.com
LY-AIA-1,46,ADT23SOCB0979,#REF!,SANKALP KACHURU SHELKE,Batch-B,8983371973,shelkesankalp805@gmail.com
LY-AIA-1,47,ADT23SOCB1047,#REF!,SHLOKA NIKHIL PAI,Batch-B,9653217932,shlokanikhilpai@gmail.com
LY-AIA-1,48,ADT23SOCB1054,#REF!,SHRAVAN SANJAY BHOSALE,Batch-B,9359051983,shravanbhosale1091@gmail.com
LY-AIA-1,49,ADT23SOCB1095,#REF!,SHRUTI GOVIND GADEKAR,Batch-B,8010421466,gadekarshruti08@gmail.com
LY-AIA-1,50,ADT23SOCB1165,#REF!,SUJAL NITIN BHANDARI,Batch-B,8446549391,sujalstudy12@gmail.com
LY-AIA-1,51,ADT23SOCB1211,#REF!,TANISHQ VIKRAM DAUNDKAR,Batch-B,7875575215,tanishqdaundkar@gmail.com
LY-AIA-1,52,ADT23SOCB1248,#REF!,VAIBHAV BHASHKARAO GAHANE,Batch-B,9284118541,VAIBHAVBGAHANE@GMAIL.COM
LY-AIA-1,53,ADT23SOCB1251,#REF!,VAIBHAVI VIJAY MORE,Batch-B,9054449639,vaibhavivm0307@gmail.com
LY-AIA-1,54,ADT23SOCB1297,#REF!,VEDIKA NARENDRA BHOITE,Batch-B,9326824815,vedikabhoite85@gmail.com
LY-AIA-1,55,ADT23SOCB1320,#REF!,VIRANG KALPESH RAJE,Batch-B,9408737872,rajevirang28@gmail.com
LY-AIA-1,56,ADT23SOCB1355,#REF!,YASH SUNIL BARSE,Batch-B,8446290661,Yashbarse2005@gmail.com
LY-AIA-1,57,ADT23SOCB1368,#REF!,YRRABALAM RAMAN SRINIVASLU,Batch-B,9960545775,ramanyerrabalam@gmail.com
LY-AIA-1,58,ADT23SOCB1386,#REF!,OMKAR GIRISH BHONDVE,Batch-B,8014491111,omkar.bhondave18@gmail.com
LY-AIA-1,59,ADT23SOCB1410,#REF!,VALERIE GEORGE,Batch-B,9158970781,georgevalerie28@gmail.com
LY-AIA-1,60,MITU22BTCS0189,#REF!,ATHARVA ANIRUDDHA DEODHAR,Batch-B,8459058981,atharwadeodhar@gmail.com
LY-AIA-2,1,ADT23SOCB0006,#REF!,AARUSH GANESH PARATE,Batch-A,8482842462,aarushparate64@gmail.com
LY-AIA-2,2,ADT23SOCB0044,#REF!,ADARSH ANANDA KHOT,Batch-A,9702086462,adarshkhot64@gmail.com
LY-AIA-2,3,ADT23SOCB0058,#REF!,ADITYA ANKUSH BADE,Batch-A,9529783098,adityabade13@gmail.com
LY-AIA-2,4,ADT23SOCB0072,#REF!,ADITYA RAJENDRA GOLE,Batch-A,7058728289,adityagole200@gmail.com
LY-AIA-2,5,ADT23SOCB0080,#REF!,ADITYA VILAS NALGE,Batch-A,9858149595,adityanalge1234@gmail.com
LY-AIA-2,6,ADT23SOCB0094,#REF!,AKASH MAHADEO KURANE,Batch-A,9309239402,akashkurane3011@gmail.com
LY-AIA-2,7,ADT23SOCB0102,#REF!,ALAUKIK KUMAR,Batch-A,9022300425,alaukikkumar77@gmail.com
LY-AIA-2,8,ADT23SOCB0105,#REF!,ALIZA SHAIKH,Batch-A,8799831003,alizaas0310@gmail.com
LY-AIA-2,9,ADT23SOCB0107,#REF!,AMAN CAHAVAN,Batch-A,8483940963,amanchavan6450@gmail.com
LY-AIA-2,10,ADT23SOCB0137,#REF!,ANINDITA MAYURESH SANJAGIRI,Batch-A,9172192443,anindita.sanjagiri@gmail.com
LY-AIA-2,11,ADT23SOCB0148,#REF!,ANKIT PRASAD,Batch-A,7447710086,ankit.harwalkar123@gmail.com
LY-AIA-2,12,ADT23SOCB0166,#REF!,ANUSHKA RAJENDRA JAGTAP,Batch-A,9307879122,jagtapanushka000@gmail.com
LY-AIA-2,13,ADT23SOCB0168,#REF!,ANUSHKA TUKARAM TIKANDE,Batch-A,8888887062,anushkatikande05@gmail.com
LY-AIA-2,14,ADT23SOCB0186,#REF!,ARNAV KARMANKAR,Batch-A,9579161031,arnavkme@gmail.com
LY-AIA-2,15,ADT23SOCB0201,#REF!,ARYAN ANIL DHONDAGE,Batch-A,9309904472,aryandhondage@gmail.com
LY-AIA-2,16,ADT23SOCB0236,#REF!,ATHARV MOHAN GAWALI,Batch-A,9699799045,gawaliatharva19@gmail.com
LY-AIA-2,17,ADT23SOCB0298,#REF!,BAIJUNATH KARVIR,Batch-A,7745801225,Karvirbaijunath9436@gmail.com
LY-AIA-2,18,ADT23SOCB0310,#REF!,BIVIN B,Batch-A,8848591869,bivinb43@gmail.com
LY-AIA-2,19,ADT23SOCB0359,#REF!,DHRUV NAGESH SHAH,Batch-A,8308020841,www.dhruv5673@gmail.com
LY-AIA-2,20,ADT23SOCB0399,#REF!,GAUTAM KUMAR,Batch-A,9931211603,gautamkr.71019@gmail.com
LY-AIA-2,21,ADT23SOCB0438,#REF!,HIMANSHU PRAVIN NYAHALDE,Batch-B,9699953102,himanshunyahalde9@gmail.com
LY-AIA-2,22,ADT23SOCB0458,#REF!,ISHITA DEEPAK SHETE,Batch-B,8766662070,ishitashete1@gmail.com
LY-AIA-2,23,ADT23SOCB0461,#REF!,ISHWARI AJAY LOKHANDE,Batch-B,7499867536,lokhandeishwari5@gmail.com
LY-AIA-2,24,ADT23SOCB0484,#REF!,JEET SACHIN GHEGADE,Batch-B,8208445676,jeet25007@gmail.com
LY-AIA-2,25,ADT23SOCB0488,#REF!,JIGYASH PRATIM SARMA,Batch-B,9613911105,jigyashsarma@gmail.com
LY-AIA-2,26,ADT23SOCB0527,#REF!,KRISH AGRAWAL,Batch-B,9516083775,3616krishagrawal@gmail.com
LY-AIA-2,27,ADT23SOCB0552,#REF!,KUNAL SINGH,Batch-B,8956535542,kunalsingh2514@gmail.com
LY-AIA-2,28,ADT23SOCB0558,#REF!,LAKSHAY YADAV,Batch-B,9205906333,Lakshayyadav2023@gmail.com
LY-AIA-2,29,ADT23SOCB0586,#REF!,MANISH NARAYAN GHOLAP,Batch-B,8055423131,Manishgholap21@gmail.com
LY-AIA-2,30,ADT23SOCB0590,#REF!,MANSI RUSHIKESH FULZALKE,Batch-B,7066614111,mansifulzalke00519@gmail.com
LY-AIA-2,31,ADT23SOCB0695,#REF!,PARTH GANESH UBHAD,Batch-B,9834718726,parthubhad07@gmail.com
LY-AIA-2,32,ADT23SOCB0742,#REF!,PRANAV LAHU GANDHALE,Batch-B,9420319550,pranavgandhale105@gmail.com
LY-AIA-2,33,ADT23SOCB0793,#REF!,PRATIKSHA PRAMOD SURVASE,Batch-B,9420044053,survasepratiksha63@gmail.com
LY-AIA-2,34,ADT23SOCB0803,#REF!,PRIYA RAJESH SHIMPI,Batch-B,9028921071,preetipriyashimpi@gmail.com
LY-AIA-2,35,ADT23SOCB0857,#REF!,RITVICK VILAS GHULE,Batch-B,9322381283,ritvickghule772@gmail.com
LY-AIA-2,36,ADT23SOCB0874,#REF!,ROHIT SANJAY SHINDE,Batch-B,9987110472,rohitshindenjr@gmial.com
LY-AIA-2,37,ADT23SOCB0875,#REF!,ROHIT VIJAY KISAVE,Batch-B,7972762939,rohitkisave289@gmail.com
LY-AIA-2,38,ADT23SOCB0891,#REF!,RUPAM NARENDRAKUMAR KALE,Batch-B,7499586451,rupam.kale321@gmail.com
LY-AIA-2,39,ADT23SOCB0923,#REF!,SAHIL SUDHIR TALOKAR,Batch-B,7057473836,sahiltalokar1011@gmail.com
LY-AIA-2,40,ADT23SOCB0950,#REF!,SAMARTH AGARWAL,Batch-B,9326514585,samarthagarwal.413@gmail.com
LY-AIA-2,41,ADT23SOCB0954,#REF!,SAMARTH PRAVIN GHULE,Batch-C,7822910850,samarthghule009@gmail.com
LY-AIA-2,42,ADT23SOCB0970,#REF!,SANIKA SHIVDAS KALBHOR,Batch-C,9922787799,sanikakalbhor01@gmail.com
LY-AIA-2,43,ADT23SOCB1087,#REF!,SHRINATH AJAY KALBHOR,Batch-C,8856857983,kalbhorshrinath@gmail.com
LY-AIA-2,44,ADT23SOCB1091,#REF!,SHRUSHTI VINAYAK KACHARE,Batch-C,8010166705,vinayakkachare555@gmail.com
LY-AIA-2,45,ADT23SOCB1099,#REF!,SHUBHAM ASHOK SHIDORE,Batch-C,9359278001,shidoreashok209@gmail.com
LY-AIA-2,46,ADT23SOCB1104,#REF!,SHUBHAM SANTOSH DHAWALE,Batch-C,9527310670,sdhawale380@gmail.com
LY-AIA-2,47,ADT23SOCB1113,#REF!, ,Batch-C,8369615480,shwetathombre2005@gmail.com
LY-AIA-2,48,ADT23SOCB1134,#REF!,SOHAM AMITKUMAR SATKUR,Batch-C,8177863563,sohamsatkur0@gmail.com
LY-AIA-2,49,ADT23SOCB1173,#REF!,SUMIT KRUSHNARAO PACHKORE,Batch-C,9356860031,sumitpachkore@gmail.com
LY-AIA-2,50,ADT23SOCB1182,#REF!,SURAJ TANAJI JADHAV,Batch-C,9881585646,surajjadhav154500@gmail.com
LY-AIA-2,51,ADT23SOCB1207,#REF!,TANISHKA KISHOR UTTARKAR,Batch-C,8390410752,tanishkauttarkar@gmail.com
LY-AIA-2,52,ADT23SOCB1234,#REF!,TUSHAR KISAN BHITE,Batch-C,7722077073,bhitetushar2@gmail.com
LY-AIA-2,53,ADT23SOCB1268,#REF!,VARAD RAJENDRA KOTKAR,Batch-C,7887457191,kotkarvarad12@gmail.com
LY-AIA-2,54,ADT23SOCB1291,#REF!,VEDANT SANDIP SALUNKHE,Batch-C,7219742659,vs0007216@gmail.com
LY-AIA-2,55,ADT23SOCB1293,#REF!,VEDANT SANTOSH JADHAV,Batch-C,8888781865,vedantjadhav1010@gmail.com
LY-AIA-2,56,ADT23SOCB1304,#REF!,VIBHUTI VIKRAM SHELKE,Batch-C,9422761369,vibhutishelke056@gmail.com
LY-AIA-2,57,ADT23SOCB1316,#REF!,VIRAJ EKNATH PATHARE,Batch-C,9322114137,pathareviraj8@gmail.com
LY-AIA-2,58,ADT23SOCB1380,#REF!,CHETAN ANIL THORAT,Batch-C,9960364755,thoratchetan2004@gmail.com
LY-AIA-2,59,ADT23SOCB1405,#REF!,REETANSHU DHANRAJ RATHOD,Batch-C,8767993458,reetanshu14177@gmail.com
LY-AIA-2,60,MITU21BTCS0681,#REF!,UJJWAL BAVISKAR,Batch-C,8080101577,ujwalbaviskar0710@gmail.com
LY-AIA-3,1,ADT23SOCB0035,#REF!,ABHISHEK ASHOK KAMTHE,Batch-A,9657459759,abhishek47kamthe@gmail.com
LY-AIA-3,2,ADT23SOCB0091,#REF!,AKASH JHA,Batch-A,8237243778,akashjha6677@gmail.com
LY-AIA-3,3,ADT23SOCB0162,#REF!,ANUSHKA BABURAO DHURI,Batch-A,9405724922,anushkadhuri7@gmail.com
LY-AIA-3,4,ADT23SOCB0179,#REF!,ARCHIT KUMAR,Batch-A,8448335101,architnanu4@gmail.com
LY-AIA-3,5,ADT23SOCB0187,#REF!,ARNAV CHANDRAKANT RAUT,Batch-A,8446185846,arnavraut390@gmail.com
LY-AIA-3,6,ADT23SOCB0206,#REF!,ARYAN JITENDAR BHARDWAJ,Batch-A,8511429179,aryanbhardwaj9054@gmail.com
LY-AIA-3,7,ADT23SOCB0209,#REF!,ARYAN NARAYAN NAWALE,Batch-A,7020502484,aryannawale2229@gmail.com
LY-AIA-3,8,ADT23SOCB0219,#REF!,ARYAN VILAS RAUT,Batch-A,8766435257,aryanraut244@gmail.com
LY-AIA-3,9,ADT23SOCB0228,#REF!,ASHLIN KANDAMKULATHY,Batch-A,8087888812,ash225l@gmil.com
LY-AIA-3,10,ADT23SOCB0244,#REF!,ATHARVA BABA SHELAR,Batch-A,9420290310,atharvashelar1145@gmail.com
LY-AIA-3,11,ADT23SOCB0262,#REF!,ATHARVA SURESH PATIL,Batch-A,7058138714,atharvasureshpatil1123@gmail.com
LY-AIA-3,12,ADT23SOCB0272,#REF!,AYAAN AMJAD KHAN,Batch-A,9860620943,ayaan1097k@gmail.com
LY-AIA-3,13,ADT23SOCB0276,#REF!,AYUSH CHOUGULA,Batch-A,8788996295,ayushchougula@gmail.com
LY-AIA-3,14,ADT23SOCB0307,#REF!,BHUMIKA TILOK CHAND SHAH,Batch-A,7723034655,shahb2006@gmail.com
LY-AIA-3,15,ADT23SOCB0318,#REF!,CHETANYA PAWAN RANDER,Batch-A,9664020975,chetanyarander7@gmail.com
LY-AIA-3,16,ADT23SOCB0331,#REF!,DEEPAK KUMAR YADAV,Batch-A,7383420772,yadavdeepak4123@gmail.com
LY-AIA-3,17,ADT23SOCB0396,#REF!,GAURAV SATISH GAIKWAD,Batch-A,8669171180,chhayagaikwad.cg@gmail.com
LY-AIA-3,18,ADT23SOCB0449,#REF!,HRISHITAA RAHUL NALAWADE,Batch-A,9822882238,hrishitaan@gmail.com
LY-AIA-3,19,ADT23SOCB0498,#REF!,KADAMBARI MOHAN YEWALE,Batch-A,8237579905,kadambari9905@gmail.com
LY-AIA-3,20,ADT23SOCB0510,#REF!,KAUSTUBH MANOJ MANJAREKAR,Batch-A,9307281139,kaustubhmanjarekar87@gmail.com
LY-AIA-3,21,ADT23SOCB0522,#REF!,KHUSHBOO YADAV,Batch-A,9209223850,ky898857@gmail.com
LY-AIA-3,22,ADT23SOCB0529,#REF!,KRISH KUMAR,Batch-A,8308741529,krishkumarr345@gmail.com
LY-AIA-3,23,ADT23SOCB0531,#REF!,KRISH MANOJ WALECHA,Batch-A,9890833710,krishwalecha@gmail.com
LY-AIA-3,24,ADT23SOCB0541,#REF!,KRUSHNA SANDIP SONDKAR,Batch-A,8080274498,krushnasondkar14@gmail.com
LY-AIA-3,25,ADT23SOCB0561,#REF!,LAVYA AGRAWAL,Batch-A,8103010255,lavyaagrawal123@gmail.com
LY-AIA-3,26,ADT23SOCB0562,#REF!,MACHHA RAMCHANDRA DEVESH,Batch-A,7974895722,mrdevesh05@gmail.com
LY-AIA-3,27,ADT23SOCB0578,#REF!,MANAS VINODRAO MEHAKARE,Batch-A,7447690063,mnas10201@gmail.com
LY-AIA-3,28,ADT23SOCB0584,#REF!,MANISH YADAV,Batch-A,7505978101,Shivamyadavmanish@gmail.com
LY-AIA-3,29,ADT23SOCB0616,#REF!,MOHAMMAD OUNAIS OVAIS SAUDAGAR,Batch-A,7517553302,knightfury474@gmail.com
LY-AIA-3,30,ADT23SOCB0618,#REF!,MOHAMMED JALIL KURUPKAR,Batch-A,7219528475,jalilidris2367@gmail.com
LY-AIA-3,31,ADT23SOCB0639,#REF!,NEHA RAJENDRA NAGAWADE,Batch-B,9975936523,avitanagawade@gmail.com
LY-AIA-3,32,ADT23SOCB0640,#REF!,NEHA KUMARI,Batch-B,9973526980,nehakri901@gmail.com
LY-AIA-3,33,ADT23SOCB0673,#REF!,OM VASANT KULTHE,Batch-B,9075662280,omkulthe90@gmail.com
LY-AIA-3,34,ADT23SOCB0692,#REF!,PARAS NITIN SALUNKE,Batch-B,8767154704,salunkeparas24@gmail.com
LY-AIA-3,35,ADT23SOCB0741,#REF!,PRANAV GANESH GAWAI,Batch-B,8767395521,pranavgawai1518@gmail.com
LY-AIA-3,36,ADT23SOCB0792,#REF!,PRATIK RAJENDRA GHOLAP,Batch-B,8600004981,pratikgholap2004@gmail.com
LY-AIA-3,37,ADT23SOCB0796,#REF!,PRAVIR SINGH,Batch-B,9175991043,spravir9@gmail.com
LY-AIA-3,38,ADT23SOCB0808,#REF!,PRIYANSH SANJAY GOLWALKAR,Batch-B,8989124943,priyanshgolwalkar@gmail.com
LY-AIA-3,39,ADT23SOCB0839,#REF!,RAKSHIT KIRAN BHAMARE,Batch-B,8421966203,rakshitbhamare16@gmail.com
LY-AIA-3,40,ADT23SOCB0841,#REF!,RAM JAGADIP SONDKAR,Batch-B,8329391877,ramsondkar18042005@gmail.com
LY-AIA-3,41,ADT23SOCB0846,#REF!,REHAN SALIM SURANI,Batch-B,9574102202,04rehansurani@gmail.com
LY-AIA-3,42,ADT23SOCB0927,#REF!,SAI RANGNATH CHITALE,Batch-B,7219331609,sairc123456@gmail.com
LY-AIA-3,43,ADT23SOCB0928,#REF!,SAI SUNIL WAGASKAR,Batch-B,8446008190,Saiwagaskar9photos@gmail.com
LY-AIA-3,44,ADT23SOCB0977,#REF!,SANJYOT SHARAD DHAMAL,Batch-B,8856906418,sanjyotdhamal31@gmail.com
LY-AIA-3,45,ADT23SOCB0983,#REF!,SANYAKTA BHATT,Batch-B,6264938219,sanyakta27@gmail.com
LY-AIA-3,46,ADT23SOCB1029,#REF!,SHASHWAT SHIVANAND IRALI,Batch-B,7709400619,shashwat7709@gmail.com
LY-AIA-3,47,ADT23SOCB1062,#REF!,SHRAWAN MAHESH MOKALE,Batch-B,9834248040,shrawans996@gmail.com
LY-AIA-3,48,ADT23SOCB1106,#REF!,SHUBHAM SHIVAJI PHAD,Batch-B,8623847566,shubhamphad7744@gmail.com
LY-AIA-3,49,ADT23SOCB1110,#REF!,SHUBHM PAPPU MISHRA,Batch-B,9730031975,shubhampappumishra2000@gmail.com
LY-AIA-3,50,ADT23SOCB1142,#REF!,SOHAM SOMNATH GHULE,Batch-B,7820805055,sohamsomnathghule@gmail.com
LY-AIA-3,51,ADT23SOCB1168,#REF!,SUJAL UTTAM PADWAL,Batch-B,7218767942,sujalpadwal07@gmail.com
LY-AIA-3,52,ADT23SOCB1196,#REF!,SWAYAM KHUSHSALRAO PAJGADE,Batch-B,7775017757,Swayampajgade77@gmail.com
LY-AIA-3,53,ADT23SOCB1230,#REF!,TITIKSH KAILAS ZAWARE,Batch-B,8623935631,titikshzaware6@gmail.com
LY-AIA-3,54,ADT23SOCB1245,#REF!,UTKARSHA VANAJI DUNDE,Batch-B,9529833571,utkarshadunde@gmail.com
LY-AIA-3,55,ADT23SOCB1313,#REF!,VINIT VAIBHAV KALE,Batch-B,8149755781,kalevinit409@gmail.com
LY-AIA-3,56,ADT23SOCB1319,#REF!,VIRAJ VIJAYKUMAR BHOSALE,Batch-B,9421047200,bhosaleviraj24@gmail.com
LY-AIA-3,57,ADT23SOCB1339,#REF!,YASH ABHASH JHA,Batch-B,7494060509,Yashjha0509@gmail.com
LY-AIA-3,58,ADT23SOCB1392,#REF!,RAUNAK KUMAR,Batch-B,9546738301,raunakswn2005@gmail.com
LY-AIA-3,59,ADT23SOCB1508,#REF!,ANURAG CHOTULAL DUBE,Batch-B,9307146654,anuragdube03@gmail.com
LY-AIA-3,60,ADT23SOCB1587,#REF!,ATHARVA PATIL,Batch-B,8446421454,atharvyp12@gmail.com
LY-AIA-4,1,ADT23SOCB0053,#REF!,ADITI BABASAHEB GAIKWAD,Batch-A,8767987255,aditigaikwad208@gmail.com
LY-AIA-4,2,ADT23SOCB0060,#REF!,ADITYA BHAGWAN CHAVAN,Batch-A,8767853034,adityachavan752005@gmail.com
LY-AIA-4,3,ADT23SOCB0116,#REF!,AMEERSOHIEL N.MOMIN,Batch-A,9901288726,ameersohielm3305@gmail.com
LY-AIA-4,4,ADT23SOCB0157,#REF!,ANUJ GANESH KANCHAN,Batch-A,7517004343,anujkpatil43@gmail.com
LY-AIA-4,5,ADT23SOCB0191,#REF!,ARVIND PRAMOD MALVADE,Batch-A,9356440411,arvind.malvade@gmail.com
LY-AIA-4,6,ADT23SOCB0193,#REF!,ARYA AJAY KHANGAR,Batch-A,7276524757,aryakhangar@gmail.com
LY-AIA-4,7,ADT23SOCB0271,#REF!,AVNEET BHATT,Batch-A,7875124940,avneetbhatt94@gmail.com
LY-AIA-4,8,ADT23SOCB0281,#REF!,AYUSH ABHAY AWASTHI,Batch-A,9970915936,ayushawasthi100000@gmail.com
LY-AIA-4,9,ADT23SOCB0287,#REF!,AYUSH DILIP NAKOD,Batch-A,8237517479,nakodayush@gmail.com
LY-AIA-4,10,ADT23SOCB0345,#REF!,DEWANG SAMBHAJI WALKE,Batch-A,8446083259,walkedevang2005@gmail.com
LY-AIA-4,11,ADT23SOCB0348,#REF!,DHANYA G RAO,Batch-A,9022712362,dhanyagrao2706@gmail.com
LY-AIA-4,12,ADT23SOCB0423,#REF!,HARSHIKA,Batch-A,8765622645,rawatharsika@gmail.com
LY-AIA-4,13,ADT23SOCB0454,#REF!,ISHAN SARAF,Batch-A,9302294209,ishansaraf2005@gmail.com
LY-AIA-4,14,ADT23SOCB0463,#REF!,ISHWARI SUNIL DEKHANE,Batch-A,9699911210,ishwaridekhane2005@gmail.com
LY-AIA-4,15,ADT23SOCB0473,#REF!,JAWWAD FUZAIL SAUDAGAR,Batch-A,9309905832,spidy2244@gmail.com
LY-AIA-4,16,ADT23SOCB0481,#REF!,JAYESH JAYANT CHAUDHARI,Batch-A,7498667760,jayeshjchaudhari01@gmail.com
LY-AIA-4,17,ADT23SOCB0495,#REF!,KABIR DIPAK UPADHYAY,Batch-A,8446191749,deepakabir1234@gmail.com
LY-AIA-4,18,ADT23SOCB0513,#REF!,KETAN SINGH,Batch-A,6290631544,singhketan5973@gmail.com
LY-AIA-4,19,ADT23SOCB0516,#REF!,KETKI GURUDAS LANDGE,Batch-A,8767631281,ketkilandge977@gmail.com
LY-AIA-4,20,ADT23SOCB0549,#REF!,KUMAR SHASHWAT,Batch-A,7870853554,kumarshashwat532004@gmail.com
LY-AIA-4,21,ADT23SOCB0551,#REF!,ISHWARI BHASKAR KUMBHAR,Batch-A,9860380236,Ishwarikumbhar01@gmail.com
LY-AIA-4,22,ADT23SOCB0560,#REF!,LATIKA ANIL MADANKAR,Batch-A,9209370047,latika9511@gmail.com
LY-AIA-4,23,ADT23SOCB0566,#REF!,MAHEK JAMIR SAYYED,Batch-A,9356779056,sayyedmahek2004@gmail.com
LY-AIA-4,24,ADT23SOCB0591,#REF!,MANTHAN SATISH BIRAJDAR,Batch-A,8767525079,manthanbirajdar437@gmail.com
LY-AIA-4,25,ADT23SOCB0653,#REF!,NISHAD DEEPAK NISAHD,Batch-A,9327146243,Nishaddeepak7874@gmail.com
LY-AIA-4,26,ADT23SOCB0662,#REF!,OM ARVIND UPADHYAY,Batch-A,9834407323,omupadhyay611@gmail.com
LY-AIA-4,27,ADT23SOCB0678,#REF!,OMKAR NANABHAU KALAMKAR,Batch-A,9699650583,omkarkalamkar05@gmail.com
LY-AIA-4,28,ADT23SOCB0685,#REF!,ONKAR MANOJ BELURE,Batch-A,8668324391,onkarbelure1905@gmail.com
LY-AIA-4,29,ADT23SOCB0718,#REF!,PAYAL SANJAY GAVHANE,Batch-A,9049504907,payalgavhane2005@gmail.com
LY-AIA-4,30,ADT23SOCB0737,#REF!,PRANAV DATTATRAY PARTAPURE,Batch-A,9518970574,pranavpartapure1@gmail.com
LY-AIA-4,31,ADT23SOCB0745,#REF!,PRANAV PRAKASH PANDHARE,Batch-B,8767929233,pandharepranav42@gmail.com
LY-AIA-4,32,ADT23SOCB0750,#REF!,PRANAV VIKRAM LAD,Batch-B,9665359098,pranavlad47@gmail.com
LY-AIA-4,33,ADT23SOCB0764,#REF!,PRASAD NASIK SHINDE,Batch-B,8830144931,prasadshinde7103@gmail.com
LY-AIA-4,34,ADT23SOCB0777,#REF!,PRATHAMESH SANJAY CHAKANKAR,Batch-B,8530500190,prathameshchakankar@gmail.com
LY-AIA-4,35,ADT23SOCB0779,#REF!,PRATHAMESH SHASHIRAO SHENDAGE,Batch-B,9322892108,prathameshshendage21@gmail.com
LY-AIA-4,36,ADT23SOCB0782,#REF!,PRATHMESH ANIL CHAVAN,Batch-B,7387742609,Prathameshchavan701@gmail.com
LY-AIA-4,37,ADT23SOCB0828,#REF!,RAHUL MANISH GEHLOT,Batch-B,7448009724,rahulgehlot1410@gmail.com
LY-AIA-4,38,ADT23SOCB0831,#REF!,RAJ NISHIKANT CHAUDHARI,Batch-B,8080284902,rajchaudhari704@gmail.com
LY-AIA-4,39,ADT23SOCB0876,#REF!,ROHIT VIJAY KORATKAR,Batch-B,9370175939,shivamkoratkar8@gmail.com
LY-AIA-4,40,ADT23SOCB0898,#REF!,RUSHIKESH MANISH DHERE,Batch-B,7620556558,rushikeshdhere0707@gmail.com
LY-AIA-4,41,ADT23SOCB0926,#REF!,SAI PRAKASH UKARANDE,Batch-B,7447730935,sairajukarande@gmail.com
LY-AIA-4,42,ADT23SOCB0929,#REF!,SAI VINOD PATIL,Batch-B,8624882458,saipatil2128@gmail.com
LY-AIA-4,43,ADT23SOCB0935,#REF!,SAKSHAM NARENDRA GAWANDE,Batch-B,9356898376,sakshamgawande2005@gmail.com
LY-AIA-4,44,ADT23SOCB0947,#REF!,SAKSHI SHIVANAND SAPTASAGAR,Batch-B,9742802722,sakshisaptasagar@gmail.com
LY-AIA-4,45,ADT23SOCB0948,#REF!,SALUNKHE SREYASH SHIVAJI,Batch-B,8805592296,sreyashaps2004@gmail.com
LY-AIA-4,46,ADT23SOCB0966,#REF!,SANDESH SACHIN KALBHOR,Batch-B,9373641437,sandeshkalbhor7272@gmail.com
LY-AIA-4,47,ADT23SOCB0985,#REF!,SARTHAK ANIL PATIL,Batch-B,8999375906,ps.sarthak07@gmail.com
LY-AIA-4,48,ADT23SOCB1001,#REF!,SAYELI DAYANAND KASAR,Batch-B,8459965116,sayelikasar1210@gmail.com
LY-AIA-4,49,ADT23SOCB1007,#REF!,SHAHID SAJID SHAIKH,Batch-B,8380904450,shahidshaikh181807@gmail.com
LY-AIA-4,50,ADT23SOCB1030,#REF!,SHAUN SASMEET KALOKHE,Batch-B,9175650776,shaunkalokhe15@gmail.com
LY-AIA-4,51,ADT23SOCB1155,#REF!,SRUSHTI NILESH UGAVEKAR,Batch-B,9028164552,kulkarnisara03@gmail.com
LY-AIA-4,52,ADT23SOCB1189,#REF!,SWARA SHITAL KALBANDE,Batch-B,8767765304,SWARAKALBANDE5@GMAIL.COM
LY-AIA-4,53,ADT23SOCB1212,#REF!,TANISHQA DHANANJAY ZENDE,Batch-B,7822076414,tanishqazende0109@gmail.com
LY-AIA-4,54,ADT23SOCB1220,#REF!,TANVI PRASHANT MANE,Batch-B,9860876197,prashantmane2209@gmail.com
LY-AIA-4,55,ADT23SOCB1294,#REF!,VEDANT SATTEJKUMAR KIRANGE,Batch-B,7558510472,vskirange@gmail.com
LY-AIA-4,56,ADT23SOCB1318,#REF!,VIRAJ SUKHDEV KALBHOR,Batch-B,9755791616,virajkalbhor1616@gmail.com
LY-AIA-4,57,ADT23SOCB1324,#REF!,VIRTI RAMESH P,Batch-B,7219237877,virti249@gmail.com
LY-AIA-4,58,ADT23SOCB1340,#REF!,YASH BANDU KALBHOR,Batch-B,8180953633,yashkalbhor1300@gmail.com
LY-AIA-4,59,ADT23SOCB1370,#REF!,YUGANDHAR EKNATH KHEDKAR,Batch-B,8669349286,yugandharkhedkar1@gmail.com
LY-AIA-5,1,ADT23SOCB0008,#REF!,AARYA BHUSHAN GHANGURDE,Batch-A,9209028011,aaryaghangurde2022@gmail.com
LY-AIA-5,2,ADT23SOCB0050,#REF!,ADISH VILAS PATIL,Batch-A,9503756081,patiladish16@gmail.com
LY-AIA-5,3,ADT23SOCB0059,#REF!,ADITYA ATUL DUDHANALE,Batch-A,7499686276,adityadudhanale23@gmail.com
LY-AIA-5,4,ADT23SOCB0153,#REF!,ANSHUL ABHIJIT DESHMUKH,Batch-A,7517269738,deshanshul@gmail.com
LY-AIA-5,5,ADT23SOCB0169,#REF!,ANUSHRI GHOSH,Batch-A,7974489539,ghoshanushri61@gmail.com
LY-AIA-5,6,ADT23SOCB0258,#REF!,ATHARVA SANTOSH BORATE,Batch-A,7378537950,atharvaborate3@gmail.com
LY-AIA-5,7,ADT23SOCB0283,#REF!,AYUSH AMIT KOLHAPURE,Batch-A,9689329194,ayushkolhapure@gmail.com
LY-AIA-5,8,ADT23SOCB0291,#REF!,AYUSH SANTOSH PISAL,Batch-A,7559448257,ayushpisal007@gmail.com
LY-AIA-5,9,ADT23SOCB0301,#REF!,BHARAT ANUJ VIJAYKUMAR,Batch-A,9765645279,anujbharat28@gmail.com
LY-AIA-5,10,ADT23SOCB0370,#REF!,DISHA KAPIL KHANCHANDANI,Batch-A,7875620444,dishak8055@gmail.com
LY-AIA-5,11,ADT23SOCB1215,#REF!,TANMAY ASHOK KSHIRSGAR,Batch-A,8329135270,tanmaykshirsagarrr@gmail.com
LY-AIA-5,12,ADT23SOCB0410,#REF!,HARSH JAISWAL,Batch-A,7992414122,Jaiswalbittu462@gmail.com
LY-AIA-5,13,ADT23SOCB0412,#REF!,HARSH ABHASH JHA,Batch-A,7325053034,harshjha2505@gmail.com
LY-AIA-5,14,ADT23SOCB0465,#REF!,JAHNAVI TONGIA,Batch-A,8878213331,tongiajahnavi228@gmail.com
LY-AIA-5,15,ADT23SOCB0477,#REF!,JAYA RAJKUMAR SINGHAL,Batch-A,9137787975,jayaasinghal09@gmail.com
LY-AIA-5,16,ADT23SOCB0490,#REF!,JIWADE SHREYASH EKNATH,Batch-A,9371752126,shreyashjiwade@gmail.com
LY-AIA-5,17,ADT23SOCB0506,#REF!,KARTIK JAIKUMAR NAIR,Batch-A,7385193822,kartikn107@gmail.com
LY-AIA-5,18,ADT23SOCB0524,#REF!,KHUSHI MAHESHKUMAR BHADANGKAR,Batch-A,8446722857,khushibhadangkar@gmail.com
LY-AIA-5,19,ADT23SOCB0532,#REF!,KRISH SHIRISHKUMAR MALI,Batch-A,9021687171,krishmali7171@gmail.com
LY-AIA-5,20,ADT23SOCB0534,#REF!,KRISHA ASHWINKUMAR PATEL,Batch-A,6354615363,patelkrisha290406@gmail.com
LY-AIA-5,21,ADT23SOCB0559,#REF!,LAMHA TRIVEDI,Batch-A,9664428271,lamhatrivedi546@gmail.com
LY-AIA-5,22,ADT23SOCB0568,#REF!,MAHI KUSHWAHA,Batch-A,7389561044,kushwahamahi24@gmail.com
LY-AIA-5,23,ADT23SOCB0588,#REF!,MANSI BALASAHEB WALKE,Batch-A,7499125203,mansiwalke24@gmail.com
LY-AIA-5,24,ADT23SOCB0601,#REF!,MD SAHIL,Batch-A,9056851878,Sahil.ms942@gmail.com
LY-AIA-5,25,ADT23SOCB0604,#REF!,MEGHNA MISHRA,Batch-A,8269460800,meghnamishra590@gmail.com
LY-AIA-5,26,ADT23SOCB0642,#REF!,NEMTULLAH MAINUL KHA,Batch-A,9973572562,nematullahk454@gmail.com
LY-AIA-5,27,ADT23SOCB0644,#REF!,NIKHIL UTTAM SANAP,Batch-A,7058752516,nikhilsanap2003@gmail.con
LY-AIA-5,28,ADT23SOCB0647,#REF!,NIMISH SHRIPAD BHALERAO,Batch-A,8767374449,nsbhalerao2005@gmail.com
LY-AIA-5,29,ADT23SOCB0649,#REF!,NIRAJ AVINASH MADANE,Batch-A,7498811973,nirajmadane@gmail.com
LY-AIA-5,30,ADT23SOCB0802,#REF!,PRIYA PRAKSH SHINDE,Batch-A,9172109467,priyashinde191004@gmail.com
LY-AIA-5,31,ADT23SOCB0842,#REF!,RAM SATISH DHUMNE,Batch-B,8010352036,ramdhumne.4@gmail.com
LY-AIA-5,32,ADT23SOCB0943,#REF!,SAKSHI LAXMAN DHAVAN,Batch-B,7249362329,sakshidhavan066@gmail.com
LY-AIA-5,33,ADT23SOCB0997,#REF!,SAUMYA JOSHI,Batch-B,7268829096,Jsaumya693@gmail.com
LY-AIA-5,34,ADT23SOCB0999,#REF!,SAWANT SAHIL BABASAHEB,Batch-B,8822877845,sahilsawant100805@gmail.com
LY-AIA-5,35,ADT23SOCB1015,#REF!,SHANTANU SHIVANAND KSHIRSAGAR,Batch-B,7218053875,shambho2003@gmail.com
LY-AIA-5,36,ADT23SOCB1052,#REF!,SHRADDHA SHAHAJI BANAGAR,Batch-B,8767235184,shraddhabanagar@gmail.com
LY-AIA-5,37,ADT23SOCB1056,#REF!,SHRAVANI NARENDRA GALANDE,Batch-B,7058532237,shrawanigalande@gmail.com
LY-AIA-5,38,ADT23SOCB1075,#REF!,SHREYANSHU RAMESH MASKE,Batch-B,9579546491,shreyanshumaske1966@gmail.com
LY-AIA-5,39,ADT23SOCB1081,#REF!,SHREYASH PRAVIN JOGI,Batch-B,9922744623,jogishreyash@gmail.com
LY-AIA-5,40,ADT23SOCB1088,#REF!,SHRIYA JITENDRA SHINDE,Batch-B,9028291216,shindeshriya403@gmail.com
LY-AIA-5,41,ADT23SOCB1117,#REF!,SIDDHANT SANJAY PAWAR,Batch-B,9307549011,pawar.progamer05@gmail.com
LY-AIA-5,42,ADT23SOCB1120,#REF!,SIDDHESH DILIP SARAVADE,Batch-B,8010697952,siddeshsaravade089@gmail.com
LY-AIA-5,43,ADT23SOCB1130,#REF!,SNEHA GUPTA,Batch-B,9561543721,snehagupta00887@gmail.com
LY-AIA-5,44,ADT23SOCB1131,#REF!,SNEHA BALASAHEB SAGADE,Batch-B,7841838575,snehasagade@gmail.com
LY-AIA-5,45,ADT23SOCB1133,#REF!,SNEHA YOGESH ADHAV,Batch-B,9284902002,adhavsneha7@gmail.com
LY-AIA-5,46,ADT23SOCB1147,#REF!,SONIYA KAUR REKHI,Batch-B,6263760961,soniyakaur2412@gmail.com
LY-AIA-5,47,ADT23SOCB1157,#REF!,SUDARSHAN SAHADEV POL,Batch-B,8767899672,polsudarshan5757@gmail.com
LY-AIA-5,48,ADT23SOCB1184,#REF!,SUYASH ABHIMANYU KENDRE,Batch-B,9209856746,suyashkendre991@gmail.com
LY-AIA-5,49,ADT23SOCB1191,#REF!,SWARAJ SACHIN MEMANE,Batch-B,9028264473,swarajmemane13@gmail.com
LY-AIA-5,50,ADT23SOCB1192,#REF!,SWARAJ SANDIPAN MANDRE,Batch-B,9924357962,swarajmandre89@gmail.com
LY-AIA-5,51,ADT23SOCB1193,#REF!,SWARALI SACHIN MEMANE,Batch-B,8275593296,swaralimemane13@gmail.com
LY-AIA-5,52,ADT23SOCB1238,#REF!,TUSHAR VIJAYKUMAR PARLIKAR,Batch-B,9322762633,tparlikar497@gmail.com
LY-AIA-5,53,ADT23SOCB1243,#REF!,UTKARSHA DILIP PAGRUT,Batch-B,7499548199,udpagrut@gmail.com
LY-AIA-5,54,ADT23SOCB1315,#REF!,VINNAY SANTOSH WAGH,Batch-B,9322432867,vinnayw@gmail.com
LY-AIA-5,55,ADT23SOCB1328,#REF!,VISHWARAJE APPASAHEB PATIL,Batch-B,9322550527,Vishwarajepatil@gmail.com
LY-AIA-5,56,ADT23SOCB1351,#REF!,YASH SANDEEP SAPKAL,Batch-B,9834491910,yashsapkal4251@gmail.com
LY-AIA-5,57,ADT23SOCB1375,#REF!,AMEY PRAMOD AKHARE,Batch-B,7058980247,ameyakhare2005@gmail.com
LY-AIA-5,58,ADT23SOCB1397,#REF!,SHARVARI LAXMAN DESHMUKH,Batch-B,8080263144,sharvarildeshmukh@gmail.com
LY-AIA-5,59,ADT23SOCB1591,#REF!,JAAI SHELEKAR,Batch-B,8329486754,jaaishelekar04@gmail.com
LY-AIA-6,1,ADT23SOCB0112,#REF!,AMAN MAFIJ INAMDAR,Batch-A,7775909442,amaninamdar7775@gmail.com
LY-AIA-6,2,ADT23SOCB0658,#REF!,OJAL SANJAY VASULE,Batch-A,9112312630,ojalvasule08@gmail.com
LY-AIA-6,3,ADT23SOCB0675,#REF!,OM CHATURKAR CHATURKAR,Batch-A,7709487557,omchaturkar20@gmail.com
LY-AIA-6,4,ADT23SOCB0806,#REF!,PRIYAL TRIMBAK TANPURE,Batch-A,9420408031,priyaltanpure10@gmail.com
LY-AIA-6,5,ADT23SOCB0811,#REF!,PURAV GHANSHYAM JANGDE,Batch-A,9607418208,puravjangde008@gmail.com
LY-AIA-6,6,ADT23SOCB0822,#REF!,RADHIKA RISHIKESH PUJARI,Batch-A,8626007665,saipujari335@gmail.com
LY-AIA-6,7,ADT23SOCB0944,#REF!,SAKSHI SAMADHAN KUMBHAR,Batch-A,9309855532,sakshikumbhar328@gmail.com
LY-AIA-6,8,ADT23SOCB0969,#REF!,SANIKA RATAN PATIL,Batch-A,9356854628,sanikapatil351@gmail.com
LY-AIA-6,9,ADT23SOCB0973,#REF!,SANIKA VITTHAL GAIKWAD,Batch-A,9834307336,sanikagaikwad6001@gmail.com
LY-AIA-6,10,ADT23SOCB0975,#REF!,SANIYA SALIM TAMBOLI,Batch-A,8177973774,saniyatamboli0018@gmail.com
LY-AIA-6,11,ADT23SOCB1000,#REF!,SAYALI DHIRAJ CHANDEKAR,Batch-A,7058246575,sayalichandekar8@gmail.com
LY-AIA-6,12,ADT23SOCB1041,#REF!,SHIVANI DATTATRAY KUNJIR,Batch-A,9156885767,shivanikunjir119@gmail.com
LY-AIA-6,13,ADT23SOCB1045,#REF!,SHLOK GAJANAN CHOPDE,Batch-A,7517706225,enshlok532@gmail.com
LY-AIA-6,14,ADT23SOCB1114,#REF!,SHWETA TANAJI KALBHOR,Batch-A,9145707524,shwetakalbhor998@gmail.com
LY-AIA-6,15,ADT23SOCB1176,#REF!,SUNIL VISHNOI,Batch-A,7296878329,isunilvishnoi@gmail.com
LY-AIA-6,16,ADT23SOCB1200,#REF!,TAKALE RAHUL DILEEP,Batch-A,8010085860,rahulspeaks09@gmail.com
LY-AIA-6,17,ADT23SOCB1213,#REF!,TANMAY DALELA,Batch-A,9891825407,tanmaydalela86@gmail.com
LY-AIA-6,18,ADT23SOCB0377,#REF!,DIVYA SHAHAJI THAKUR,Batch-A,9960984163,divyathakur69361@gmail.com
LY-AIA-6,19,ADT23SOCB1227,#REF!,TEJAS SANTOSH GAVHANE,Batch-A,8329066693,Tgavhane340@gmail.com
LY-AIA-6,20,ADT23SOCB1232,#REF!,TRISHA DINESH SHETTY,Batch-A,7447876561,trishashetty1104@gmail.com
LY-AIA-6,21,ADT23SOCB1283,#REF!,VEDANT DINESH PATIL,Batch-A,9359161505,vedpat0935@gmail.com
LY-AIA-6,22,ADT23SOCB1326,#REF!,VISHESH VIVEK HARPALE,Batch-A,9890777415,visheshharpale@gmail.com
LY-AIA-6,23,ADT23SOCB1358,#REF!,YASH VITTHAL BHADALE,Batch-A,9699373873,yashbhadale01@gmail.com
LY-AIA-6,24,ADT23SOCB1599,#REF!,PRANAV KALBHOR,Batch-A,8010780250,pranavkalbhor07@gmail.com
LY-AIA-6,25,ADT23SOCB1625,#REF!,PRATHAMESH GAIKWAD,Batch-A,7057801152,gaikwadprathamesh442@gmail.com
LY-AIA-6,26,ADT24SOCBD012,#REF!,ADITYA GANPAT GADHAVE,Batch-A,9823243232,adityagadhave1020@gmail.com
LY-AIA-6,27,ADT24SOCBD022,#REF!,ARYAN KADAM,Batch-A,8421860249,aryakadam2311@gmail.com
LY-AIA-6,28,ADT24SOCBD026,#REF!,ASIM SHAUKAT SHAIKH,Batch-A,9922969147,sasim0044@gmail.com
LY-AIA-6,29,ADT24SOCBD032,#REF!,ATHARWA BISEN,Batch-A,7247348494,atharwabisen2005@gmail.com
LY-AIA-6,30,ADT24SOCBD044,#REF!,DIVYANSHU RAJHANS,Batch-A,7020922797,rajhanspkr@yahoo.com
LY-AIA-6,31,ADT24SOCBD053,#REF!,HARSHVARDHAN DADASO DHANE,Batch-B,8459201292,harshvardhandhane25@gmail.com
LY-AIA-6,32,ADT24SOCBD056,#REF!,JAY SHAILESH PETHAD,Batch-B,7066679997,pethadleena@gmail.com
LY-AIA-6,33,ADT24SOCBD063,#REF!,KSHITIJ ANIL KALHAPURE,Batch-B,9921891670+8767507806,kshitijkalhapure0806@gmail.com
LY-AIA-6,34,ADT24SOCBD066,#REF!,MALHAR ABHIMAN MANE,Batch-B,8010743001,malharmane117@gmail.com
LY-AIA-6,35,ADT24SOCBD068,#REF!,MAYUR EKNATH GORE,Batch-B,7666975219,mayurgore72@gmail.com
LY-AIA-6,36,ADT24SOCBD076,#REF!,NOAMAN MATIULLAH DESAI,Batch-B,8767539312,noamandesai4@gmail.com
LY-AIA-6,37,ADT24SOCBD077,#REF!,OM AMOL GUNJAL,Batch-B,8275749460,imomgunjal@gmail.com
LY-AIA-6,38,ADT24SOCBD078,#REF!,OM AKOLKAR,Batch-B,8208353925,omakolkar4@gmail.com
LY-AIA-6,39,ADT24SOCBD093,#REF!,RAHUL RAJENDRA HARE,Batch-B,8208501084,rahulrh263@gmail.com
LY-AIA-6,40,ADT24SOCBD094,#REF!,RUSHIKESH SHEJUL,Batch-B,8208471944,rushikeshshejul78@gmail.com
LY-AIA-6,41,ADT24SOCBD098,#REF!,SALIKAHMAD TANVEERPASHA PATIL,Batch-B,7385915597,salikpatil2021@gmail.com
LY-AIA-6,42,ADT24SOCBD100,#REF!,SARTHAK RAHUL CHAUDHARY,Batch-B,8080034655,sarthakchdr128@gmail.com
LY-AIA-6,43,ADT24SOCBD105,#REF!,SAYYED AMIR HAMJA,Batch-B,8104094701,hamzaxsaiyed17@gmail.com
LY-AIA-6,44,ADT24SOCBD120,#REF!,SNEHAL BIBHISHAN UDMALE,Batch-B,9699606921+9689447534,snehaludmale24@gmail.com
LY-AIA-6,45,ADT24SOCBD123,#REF!,SRIVDHYA ACHANTA,Batch-B,7517914690,achantasrividhya@gmail.com
LY-AIA-6,46,ADT24SOCBD124,#REF!,SUDHIR PRAMOD BHOSALE,Batch-B,9922638874,sudhirbhosale1939@gmail.com
LY-AIA-6,47,ADT24SOCBD130,#REF!,SUYASH ZAWARE,Batch-B,8149573225,suyashzaware21@gmail.com
LY-AIA-6,48,ADT24SOCBD141,#REF!,VEDANT SANTOSH JADHAV,Batch-B,8104169371,vedantjadhav180@gmail.com
LY-AIA-6,49,ADT24SOCBD145,#REF!,YASHODHAN SAKHARE,Batch-B,9422243456,sakhareyash64@gmail.com
LY-AIA-6,50,ADT24SOCBD146,#REF!,YASHOWARDHAN SAGAR SHETE,Batch-B,7028979877,sheteyashowardhan980@gmail.com
LY-AIA-6,51,ADT24SOCBD147,#REF!,YASHRAJ BANSAL,Batch-B,9820208482,yashu14june@gmail.com
LY-AIA-6,52,ADT24SOCBD152,#REF!,ARYAN SWAPNIL EKHE,Batch-B,9321508122,aryanekhe123@gmail.com
LY-AIA-6,53,ADT24SOCBD160,#REF!,SAGAR SANSKAR VINAYAK,Batch-B,9028652907,sagarsanskar98@gmail.com
LY-AIA-6,54,ADT24SOCBD169,#REF!,OM MUKUND WAGHMARE,Batch-B,9011399199,om.mukund2005@gmail.com
LY-AIA-6,55,ADT24SOCBD173,#REF!,SNEHAL RASKAR,Batch-B,9860577323,snehalraskar1801@gmail.com
LY-AIA-6,56,ADT24SOCBD174,#REF!,RAVIRAJ SATISH KHARADE,Batch-B,8237660179,ravirajkharade100@gmail.com
LY-AIA-6,57,ADT24SOCBD181,#REF!,KALYANI VIJAY JAGDALE,Batch-B,8055215295,kalyanijagdale22@gmail.com
LY-AIA-6,58,MITU21IBCS0006,#REF!,MOHAMMAD SAAD SADIQ AHMED KHAN,Batch-B,8788261528,saadkhan13092005@gmail.com
LY-AIA-6,59,MITU21IBCS0010,#REF!,SAHIL ZELE,Batch-B,9172639144,sahilzele220@gmail.com
LY-AIA-7,1,ADT23SOCB0034,#REF!,ABHISHEK ASHOK BORKAR,Batch-A,8830012255,savita70borkar@gmail.com
LY-AIA-7,2,ADT23SOCB0037,#REF!,ABHISHEK BHATODE,Batch-A,8767822066,abhishekbhatode87@gmail.com
LY-AIA-7,3,ADT23SOCB0054,#REF!,ADITI VILAS PAWAR,Batch-A,8668802965,pawaraditi345@gmail.com
LY-AIA-7,4,ADT23SOCB0061,#REF!,ADITYA BIBHISHAN JADHAV,Batch-A,8605212274,adityajadhav1048@gmail.com
LY-AIA-7,5,ADT23SOCB0071,#REF!,ADITYA PRAVIN BORGAONKAR,Batch-A,8788721711,borgaonkaraditya1@gmail.com
LY-AIA-7,6,ADT23SOCB0104,#REF!,ALISHA JAMILUDDIN SHAIKH,Batch-A,8698643520,alisha.al.shaikh@gmail.com
LY-AIA-7,7,ADT23SOCB0114,#REF!,AMAN YAHYA KHAN,Batch-A,9028919038,amankhan10230@gmail.com
LY-AIA-7,8,ADT23SOCB0142,#REF!,ANISH APPASAHEB JAGTAP,Batch-A,8600506944,jagtapanish16@gmail.com
LY-AIA-7,9,ADT23SOCB0147,#REF!,ANKAN ASHOK MAITY,Batch-A,7083232717,ankan3555@gmail.com
LY-AIA-7,10,ADT23SOCB0182,#REF!,ARIHANT ANAND KOCHETA,Batch-A,9172636825,akocheta12@gmail.com
LY-AIA-7,11,ADT23SOCB0212,#REF!,ARYAN RITESH MARADWAR,Batch-A,7823030878,aryanmaradwar09@gmail.com
LY-AIA-7,12,ADT23SOCB0231,#REF!,ASTA JOSEPH JOEWIN,Batch-A,9152654767,astajoseph1@gmail.com
LY-AIA-7,13,ADT23SOCB0249,#REF!,ATHARVA DATTATRAY PAWAR,Batch-A,8530869013,atharvapawar0918@gmail.com
LY-AIA-7,14,ADT23SOCB0285,#REF!,AYUSH BALASAHEB NIMBALKAR,Batch-A,9552103147,ayushnimbalkar857@gmail.com
LY-AIA-7,15,ADT23SOCB0308,#REF!,BIBEK RAJ SINGH,Batch-A,8219164189,bibekraj000@gmail.com
LY-AIA-7,16,ADT23SOCB0324,#REF!,CHIRAYU AGRAWAL,Batch-A,7354585677,chirayuagrawal70@gmail.com
LY-AIA-7,17,ADT23SOCB0333,#REF!,DEEPANIKA SAHU,Batch-A,9027073855,deepanika123@gmail.com
LY-AIA-7,18,ADT23SOCB0336,#REF!,DEV PRATAP SINGH RAJAWAT,Batch-A,8109941442,sdevpratap429@gmail.com
LY-AIA-7,19,ADT23SOCB0346,#REF!,DHAIRYA HARSHAD OZARKAR,Batch-A,8767413230,ozarkardhairya99@gmail.com
LY-AIA-7,20,ADT23SOCB0351,#REF!,DHIRAJ APPASAHEB SARAWALE,Batch-A,9022360291,dhirajs102835@gmail.com
LY-AIA-7,21,ADT23SOCB0352,#REF!,DHIRAJ BALASAHEB MUSALE,Batch-A,9156979887,dhirajmusale7@gmail.com
LY-AIA-7,22,ADT23SOCB0355,#REF!,DHRUV KHARE,Batch-A,9516718150,dkskhare@gmail.com
LY-AIA-7,23,ADT23SOCB0381,#REF!,DNYANESH RANANAWARE,Batch-A,9850272223,dnyaneshrananaware@gmail.com
LY-AIA-7,24,ADT23SOCB0394,#REF!,GAURAV UPADHYAY,Batch-A,7367847801,ugaurav034@gmail.com
LY-AIA-7,25,ADT23SOCB0398,#REF!,GAURI RAHUL SHINDE,Batch-A,7558420605,shindegauri2005@gmail.com
LY-AIA-7,26,ADT23SOCB0408,#REF!,HARPALSING RAJPUT,Batch-A,9373530347,harpalsinghrajput007@gmail.com
LY-AIA-7,27,ADT23SOCB0429,#REF!,HARSHWARDHAN CHATE,Batch-A,7276572562,harshchate06@gmail.com
LY-AIA-7,28,ADT23SOCB0447,#REF!,HRISHIKESH SANJAY KATORE,Batch-A,9356456952,katorehrishikesh@gmail.com
LY-AIA-7,29,ADT23SOCB0450,#REF!,INDRANEAL SAJJANKAR,Batch-A,9175256091,Nealann101169@gmail.com
LY-AIA-7,30,ADT23SOCB0469,#REF!,JANHAVI SOMSHEKHAR TAMBAKE,Batch-A,8010329202,janhavitambake0703@gmail.com
LY-AIA-7,31,ADT23SOCB0486,#REF!,JEYA KARKUN,Batch-A,9651003512,rkjeyakarkun@gmail.com
LY-AIA-7,32,ADT23SOCB0533,#REF!,KRISH VIKAS GUPTA,Batch-A,9767757744,krishgupta0901@gmail.com
LY-AIA-7,33,ADT23SOCB0557,#REF!,LACHI JITENDRA BARSE,Batch-A,7083739052,lachibarse@gmail.com
LY-AIA-7,34,ADT23SOCB0569,#REF!,MAITHILI MILIND DHARASKAR,Batch-A,9665035955,maithili065@gmail.com
LY-AIA-7,35,ADT23SOCB0654,#REF!,NISHANT DOMADIYA,Batch-A,6353289243,dncpatel201@gmail.com
LY-AIA-7,36,ADT23SOCB0672,#REF!,OM SATISH PATIL,Batch-A,7887854985,ompatil0251@gmail.com
LY-AIA-7,37,ADT23SOCB0679,#REF!,OMKAR SANJAY GAIKWAD,Batch-A,7276704884,omgaikwad64@gmail.com
LY-AIA-7,38,ADT23SOCB0681,#REF!,OMRAJE SHIVAJI NIMBALKAR,Batch-A,9322737201,nomraje@gmail.com
LY-AIA-7,39,ADT23SOCB0690,#REF!,PANTH HASMUKHBHAI DHORIYANI,Batch-B,9313383339,panthdhoriyani504@gmail.com
LY-AIA-7,40,ADT23SOCB0706,#REF!,PATEL HEER JAGDISHBHAI,Batch-B,9265484844,heerpatel0045@gmail.com
LY-AIA-7,41,ADT23SOCB0716,#REF!,PAYAL VERMA,Batch-B,7783041914,Vermapayalpv07@gmail.com
LY-AIA-7,42,ADT23SOCB0728,#REF!,PRABHAT KUMAR CHAUDHARY,Batch-B,9423457616,prabhat10.c@gmail.com
LY-AIA-7,43,ADT23SOCB0740,#REF!,PRANAV DIPAK DHAWALE,Batch-B,7843079640,pranav369dhawale@gmail.com
LY-AIA-7,44,ADT23SOCB0757,#REF!,PRANJAL DADABHAU PATHARE,Batch-B,8799884395,patharepranjal2004@gmail.com
LY-AIA-7,45,ADT23SOCB0797,#REF!,PREET ANIL JAISWAL,Batch-B,9503665056,preetjaiswal164@gmail.com
LY-AIA-7,46,ADT23SOCB0815,#REF!,PURVA RAVINDRA JADHAV,Batch-B,9511652554,jadhavpurva921@gmail.com
LY-AIA-7,47,ADT23SOCB0826,#REF!,RAGINEE SHASHIKANT CHUNKHARE,Batch-B,8805155386,raginee.chunkhare@gmail.com
LY-AIA-7,48,ADT23SOCB0848,#REF!,RIDDHESH RAJESH GUJARATHI,Batch-B,9370570262,riddheshgujarathi223708@gmail.com
LY-AIA-7,49,ADT23SOCB0849,#REF!,RIDHIMA VINAY MALIYA,Batch-B,8669022328,ridhimamaliya03@gmail.com
LY-AIA-7,50,ADT23SOCB0862,#REF!,ROHAN ANKUSH GAIKWAD,Batch-B,7499852299,rg9767054788@gmail.com
LY-AIA-7,51,ADT23SOCB0868,#REF!,ROHIT DINESH JAISWAL,Batch-B,9607171871,rdj15605@gmail.com
LY-AIA-7,52,ADT23SOCB0895,#REF!,RUSHIKESH DHANANJAY WANKHEDE,Batch-B,9689624801,rushikeshwan0512@gmail.com
LY-AIA-7,53,ADT23SOCB0920,#REF!,SAHIL SAMEER PINGALE,Batch-B,9322716581,sahil.pingale19@gmail.com
LY-AIA-7,54,ADT23SOCB0938,#REF!,SAKSHI GANGOPADHYA,Batch-B,8530800999,sakshitheganguly@gmail.com
LY-AIA-7,55,ADT23SOCB0971,#REF!,SANIKA SHRIRAM CHAVHAN,Batch-B,7620917589,sanikachavhan1631@gmail.com
LY-AIA-7,56,ADT23SOCB0974,#REF!,SANIKA SAGAR THORAT THORAT,Batch-B,7020910268,sanikathorat451@gmail.com
LY-AIA-7,57,ADT23SOCB0987,#REF!,SARTHAK MANISH CHAKURKAR,Batch-B,8669184682,sarthakchakurkar2121@gmail.com
LY-AIA-7,58,ADT23SOCB0988,#REF!,SARTHAK NILESH POTGHAN,Batch-B,7887675427,sarthakpotghan100@gmail.com
LY-AIA-7,59,ADT23SOCB1005,#REF!,SHAGUN AMOL TEMBHURNE,Batch-B,7038655670,shaxtembhurne@gmail.com
LY-AIA-7,60,ADT23SOCB1085,#REF!,SHRIKANT SUBHASH KUDALE,Batch-B,9579904969,pixelreceives@gmail.com
LY-AIA-7,61,ADT23SOCB1127,#REF!,SIDDHIKA BISHNOI,Batch-B,8815655016,siddhikabishnoi3@gmail.com
LY-AIA-7,62,ADT23SOCB1150,#REF!,SOUVIK SUBHENDU TIKADER,Batch-B,9734887065,souviktikader@gmail.com
LY-AIA-7,63,ADT23SOCB1177,#REF!,SUNNY AVINASH KHOKLE,Batch-B,9322078922,sunny.khokle@gmail.com
LY-AIA-7,64,ADT23SOCB1188,#REF!,SWAPNIL KANIPHANATH THAVARE,Batch-B,8767423568,swapnil.thavare05@gmail.com
LY-AIA-7,65,ADT23SOCB1197,#REF!,SWAYAM SACHIN CHAVAN,Batch-B,9175922137,csway961@gmail.com
LY-AIA-7,66,ADT23SOCB1244,#REF!,UTKARSH MANOHAR CHAUDHARI,Batch-B,7770076476,utkarshchaudhari1104@gmail.com
LY-AIA-7,67,ADT23SOCB1246,#REF!,UTKARSHINI AMARNATH MALL,Batch-B,9029223142,amarnathgaurimall@gmail.com
LY-AIA-7,68,ADT23SOCB1292,#REF!,VEDANT SANTOSH BIDWAI,Batch-B,9421625065,vedantbidwai315@gmail.com
LY-AIA-7,69,ADT23SOCB1312,#REF!,VINIT NITIN JAGTAP,Batch-B,9322985552,vinitjagtap27@gmail.com
LY-AIA-7,70,ADT23SOCB1337,#REF!,YASH PANDEY,Batch-B,9305353562,pandeyyash25@gmail.com
LY-AIA-7,71,ADT23SOCB1364,#REF!,YASHRAJ SANDEEP KAD,Batch-B,9699396526,yashrajkad96k@gmail.com
LY-AIA-7,72,ADT23SOCB1366,#REF!,YASHRAJ VIRENDRA NIKAM,Batch-B,7558399714,yashrajnikam4@gmail.com
LY-AIA-7,73,MITU21BTCS0554,#REF!,SEEMA SAUD,Batch-B,9021471745,seemasaud2012@gmail.com
LY-AIA-7,74,MITU22BTCS0528,#REF!,PARIKSH SARDAIT,Batch-B,8767635046,psarda1604@gmail.com
LY-AIA-7,75,MITU22BTCS0898,#REF!,TANISH PAWAR,Batch-B,8855970600,tanishppp@gmail.com
LY-AIA-8,1,ADT23SOCB0005,#REF!,AARADHYA SANJAY KALE,Batch-A,8767169592,aaradhyakale2000@gmail.com
LY-AIA-8,2,ADT23SOCB0007,#REF!,AARUSH SHEKHAR KAPILE,Batch-A,9175700789,aarushkapile05@gmail.com
LY-AIA-8,3,ADT23SOCB0011,#REF!,AARYAN RAJ,Batch-A,7415632513,rrekhasingh1911@gmail.com
LY-AIA-8,4,ADT23SOCB0013,#REF!,AASHU RAJ,Batch-A,6205396906,aashuraj122mn@gmail.com
LY-AIA-8,5,ADT23SOCB0020,#REF!,ABHIJEET BAPUSAHEB TAMBE,Batch-A,9139483875,abhijeettambe301@gmail.com
LY-AIA-8,6,ADT23SOCB0048,#REF!,ADHYAN TYAGI,Batch-A,7678639520,adhyan.tyagi.28@gmail.com
LY-AIA-8,7,ADT23SOCB0073,#REF!,ADITYA SANJAY KANADE,Batch-A,8668861704,xxxtentacionaduu8668@gmail.com
LY-AIA-8,8,ADT23SOCB0084,#REF!,ADVAIT NAGAR,Batch-A,9454686133,findadvait@gmail.com
LY-AIA-8,9,ADT23SOCB0101,#REF!,AKSHAT KUMAR JHA,Batch-A,9302397932,akshatjha190@gmail.com
LY-AIA-8,10,ADT23SOCB0103,#REF!,ALI PARVEZ KHAN,Batch-A,9359976983,ali.khn93599@gmail.com
LY-AIA-8,11,ADT23SOCB0139,#REF!,ANIRUDH SARKAR,Batch-A,7483059862,Anirudhsarkar28@gmail.com
LY-AIA-8,12,ADT23SOCB0149,#REF!,ANKUR RAJNEDRA BHUTARE,Batch-A,7020147447,Bhutareankur@gmail.com
LY-AIA-8,13,ADT23SOCB0151,#REF!,ANMOL DINESH PANDEY,Batch-A,7972554436,kumaranmolpandey1235@gmail.com
LY-AIA-8,14,ADT23SOCB0156,#REF!,ANUJ AMOL MUSALE,Batch-A,9322054035,anujmusale2005@gmail.com
LY-AIA-8,15,ADT23SOCB0159,#REF!,ANUSHKA KUMARI,Batch-A,9835809709,anushkakumari29177@gmail.com
LY-AIA-8,16,ADT23SOCB0190,#REF!,ARSHIYA SULTAN SHAIKH,Batch-A,9834418267,arshiyashaikh600@gmail.com
LY-AIA-8,17,ADT23SOCB0222,#REF!,ASHIKA SANJAY SRIVASTAVA,Batch-A,9604003312,ashikajee2023@gmail.com
LY-AIA-8,18,ADT23SOCB0226,#REF!,ASHISH RAMESH SATPUTE,Batch-A,9730467388,satpute.ashish2004@gmail.com
LY-AIA-8,19,ADT23SOCB0241,#REF!,ATHARVA PANDHARE,Batch-A,9303803304,atharvapandhare87@gmail.com
LY-AIA-8,20,ADT23SOCB0265,#REF!,ATHARVSHIRSH RAI,Batch-A,8889393870,atharvaraiadi78@gmail.com
LY-AIA-8,21,ADT23SOCB0269,#REF!,AUM AVINASH KHADAPKAR,Batch-A,8806396786,aumkhadapkar6786@gmail.com
LY-AIA-8,22,ADT23SOCB0289,#REF!,AYUSH RAJENDRA DHOLE,Batch-A,7038372374,ayushdhole2712@gmail.com
LY-AIA-8,23,ADT23SOCB0347,#REF!,DHAIRYA VIVEK PATWA,Batch-A,7000662126,dhairyapatwa8562@gmail.com
LY-AIA-8,24,ADT23SOCB0357,#REF!,DHRUV JITENDRA JAIN,Batch-A,9860579414,jdhruv506@gmail.com
LY-AIA-8,25,ADT23SOCB0364,#REF!,DIKSHA MANOJ PATIL,Batch-A,#ERROR!,dikshapatil1230@gmail.com
LY-AIA-8,26,ADT23SOCB0393,#REF!,GAURAV KUMAR,Batch-A,6206317372,6206317372gaurav@gmail.com
LY-AIA-8,27,ADT23SOCB0406,#REF!,HARDIK VIJAY KAKUSTE,Batch-A,9172109250,hp799078@gmail.com
LY-AIA-8,28,ADT23SOCB0436,#REF!,HIMANSHI SHRIRAM DHOTE,Batch-A,8263865588,himanshidhote98505@gmail.com
LY-AIA-8,29,ADT23SOCB0521,#REF!,KHUSH SHARMA,Batch-A,"8529163262, 9024271607",Khushsharma262@gmail.com
LY-AIA-8,30,ADT23SOCB0530,#REF!,KRISH JAIKISHAN JIYANI,Batch-A,6356035701,krishjiyani@gmail.com
LY-AIA-8,31,ADT23SOCB0543,#REF!,KRUSHNAL DIGAMBAR PATIL,Batch-A,9518316932,krishnalpatil0@gmail.com
LY-AIA-8,32,ADT23SOCB0582,#REF!,MANASVI VILAS NIWALKAR,Batch-A,9850673457,vkn1234@rediffmail.com
LY-AIA-8,33,ADT23SOCB0619,#REF!,MOHIT KUMAR,Batch-A,8235248148,mohitsharma9285@gmail.com
LY-AIA-8,34,ADT23SOCB0637,#REF!,NEHA HARISHCHANDRA KOKATE,Batch-A,9561018594,kokateneha038@gmail.com
LY-AIA-8,35,ADT23SOCB0638,#REF!,NEHA NARESHKUMAR TITIRMARE,Batch-A,7248965071,nehatitirmare343@gmail.com
LY-AIA-8,36,ADT23SOCB0648,#REF!,NIMISHAKAVI SAMPATH SATYA ADITYA SIDDHI VIGNESH,Batch-A,9550392001,siddhivignesh11@gmail.com
LY-AIA-8,37,ADT23SOCB0652,#REF!,NIRJARA NILESH JAIN,Batch-A,9922950465,nirjarajain01@gmail.com
LY-AIA-8,38,ADT23SOCB0663,#REF!,OM BHARAT CHAUDHARI,Batch-B,9373841321,om5957050@gmail.com
LY-AIA-8,39,ADT23SOCB0729,#REF!,PRACHI VITTHAL SHINDE,Batch-B,9325381078,prachivshinde2005@gmail.com
LY-AIA-8,40,ADT23SOCB0791,#REF!,PRATIK VILAS PAWADE,Batch-B,7276036689,pratikpawde1616@gmail.com
LY-AIA-8,41,ADT23SOCB0825,#REF!,RAGHVENDRA SOLANKI,Batch-B,7987131699,raghvendrasinghsolanki084@gmail.com
LY-AIA-8,42,ADT23SOCB0834,#REF!,RAJAN NANDLAL CHAUHAN,Batch-B,9356872446,rajanchuahan2004@gmail.com
LY-AIA-8,43,ADT23SOCB0840,#REF!,RAKSHIT NARENDRA GIRASE,Batch-B,8999926920,rn.girase2105@gmail.com
LY-AIA-8,44,ADT23SOCB0861,#REF!,ROHAKSINGH THAKUR,Batch-B,8866560764,rohakthakur0531@gmail.com
LY-AIA-8,45,ADT23SOCB0866,#REF!,ROHIT JAGTAP,Batch-B,9075925701,jagtaprohit821@gmail.com
LY-AIA-8,46,ADT23SOCB0909,#REF!,SAGAR BALAJI DESALE,Batch-B,9923175113,sagardesale2417@gmail.com
LY-AIA-8,47,ADT23SOCB0946,#REF!,SAKSHI SANTOSH CHOUDHARI,Batch-B,9503261705,choudharisakshi0506@gmail.com
LY-AIA-8,48,ADT23SOCB0967,#REF!,SANGRAM SANDIP SONAWANE,Batch-B,9021595954,sangramsss2005@gmail.com
LY-AIA-8,49,ADT23SOCB0991,#REF!,SARVESH GUPTA,Batch-B,7489666149,guptasarvesh1515@gmail.com
LY-AIA-8,50,ADT23SOCB1016,#REF!,SHANTANU VINOD PATIL,Batch-B,8010679104,patilshantanu260@gmail.com
LY-AIA-8,51,ADT23SOCB1022,#REF!,SHARVA AMIT THAKARE,Batch-B,8169232618,sharvathakare@gmail.com
LY-AIA-8,52,ADT23SOCB1023,#REF!,SHARVARI SAYAS KENDRE,Batch-B,7248947123,sharvarikendre4757@gmail.com
LY-AIA-8,53,ADT23SOCB1034,#REF!,SHINDE YASHWARDHAN ANIL,Batch-B,9022208367,yashwardhanshinde25@gmail.com
LY-AIA-8,54,ADT23SOCB1035,#REF!,SHIPRA RAJ,Batch-B,9570163286,rajshipra24251@gmail.com
LY-AIA-8,55,ADT23SOCB1043,#REF!,SHIVANSH MATHUR MATHUR,Batch-B,9756732868,shivanshmathur303@gmail.com
LY-AIA-8,56,ADT23SOCB1063,#REF!,SHRAWANI SUBODH BANKAR,Batch-B,9699608057,shrawanibankar2406@gmail.com
LY-AIA-8,57,ADT23SOCB1070,#REF!,SHRESH UMESH JADHAV,Batch-B,9420037532,shreejadhav02004@gmail.com
LY-AIA-8,58,ADT23SOCB1086,#REF!,SHRIKAR AMOL DEHADRAY,Batch-B,9130846644,shrikardehadray@gmail.com
LY-AIA-8,59,ADT23SOCB1093,#REF!,SHRUTI RAY,Batch-B,8210661543,shrutiray111@gmail.com
LY-AIA-8,60,ADT23SOCB1097,#REF!,SHRUTI VISHAL JAMDAR,Batch-B,8421612230,shrutijamdar013@gmail.com
LY-AIA-8,61,ADT23SOCB1169,#REF!,SUKETU MISHRA,Batch-B,6201540145,suketu.2005@gmail.com
LY-AIA-8,62,ADT23SOCB1181,#REF!,SURAJ SANTOSH PATIL,Batch-B,9730203503,surajpatil1672@gmail.com
LY-AIA-8,63,ADT23SOCB1187,#REF!,SUYOG HARISHCHANDRA DHERE,Batch-B,8999417709,suyogdhere55@gmail.com
LY-AIA-8,64,ADT23SOCB1208,#REF!,TANISHQ ASWANI KUMAR JHADE,Batch-B,8766995907,jhade6tanishq@gmail.com
LY-AIA-8,65,ADT23SOCB1218,#REF!,TANMAY UMESH BHATKULKAR,Batch-B,9021905394,bhatkulkartanmay05@gmail.com
LY-AIA-8,66,ADT23SOCB1261,#REF!,VANSH MAHENDRA DHULE,Batch-B,9970340792,vanshdhule03@gmail.com
LY-AIA-8,67,ADT23SOCB1262,#REF!,VANSH TUSHAR CHAUDHARI,Batch-B,9016542096,vanshc2005@gmail.com
LY-AIA-8,68,ADT23SOCB1275,#REF!,VED BHARAT THOTE,Batch-B,9552245571,vedthote33@gmail.com
LY-AIA-8,69,ADT23SOCB1282,#REF!,VEDANT DAMODAR CHAUDHARI,Batch-B,9022945322,vedantchaudhari787@gmail.com
LY-AIA-8,70,ADT23SOCB1296,#REF!,VEDANT ARJUN WAGHMARE,Batch-B,9766433948,vedantarjunwaghmare110@gmail.com
LY-AIA-8,71,ADT23SOCB1350,#REF!,YASH RANJEET WALUNJKAR,Batch-B,8888323030,yashwalunjkar789@gmail.com
LY-AIA-8,72,ADT23SOCB1357,#REF!,YASH VIJAY GAIKWAD,Batch-B,9552395665,yash99720@gmail.com
LY-AIA-8,73,ADT23SOCB1373,#REF!,YUVRAJ SATISH BADE,Batch-B,7972627195,yuvrajbade1945@gmail.com
LY-AIA-8,74,ADT23SOCB1389,#REF!,PRANAV SOPAN KHARAD,Batch-B,9823564075,kharadpranav@gmail.com
LY-AIA-9,1,ADT23SOCB0063,#REF!,ADITYA DEWANAND PAWADE,Batch-A,8767180106,adityapawade42@gmail.com
LY-AIA-9,2,ADT23SOCB0132,#REF!,ANIKET MAHESH GONJARI,Batch-A,8446380641,aniketgonjari3005@gmail.com
LY-AIA-9,3,ADT23SOCB0296,#REF!,BABAR SAYALI GIRISH,Batch-A,9307035757,19sayalibabar@gmail.com
LY-AIA-9,4,ADT23SOCB0441,#REF!,HITANSH BHARAT OSWAL,Batch-A,7387208230,oswalhitansh2005@gmail.com
LY-AIA-9,5,ADT23SOCB0478,#REF!,JAYANT RAVINDRA DESHMUKH,Batch-A,9420924735,jayantdeshmukh09876@gmail.com
LY-AIA-9,6,ADT23SOCB0525,#REF!,KOLI PRASHANT POPAT,Batch-A,9971305432,koliprashant1221@gmail.com
LY-AIA-9,7,ADT23SOCB0600,#REF!,MAYURI RAVINDRA JAGTAP,Batch-A,8767003718,mayurijagtap0605@gmail.com
LY-AIA-9,8,ADT23SOCB0660,#REF!,OM ANANT PATIL,Batch-A,9021501696,ompatil070725@gmail.com
LY-AIA-9,9,ADT23SOCB0668,#REF!,OM SACHIN AMRUTKAR,Batch-A,8983412980,omamrutkar36@gmail.com
LY-AIA-9,10,ADT23SOCB0699,#REF!,PARTH NISCHAL PATIL,Batch-A,9075759090,patil9090parth@gmail.com
LY-AIA-9,11,ADT23SOCB0726,#REF!,PIYUSH SATISH BAVANE,Batch-A,9307194372,piyushbavane007@gmail.com
LY-AIA-9,12,ADT23SOCB0730,#REF!,PRADNYA SUNIL BORUDE,Batch-A,9404719471,psborude101@gmail.com
LY-AIA-9,13,ADT23SOCB0788,#REF!,PRATHMESH BHILAWEKAR,Batch-A,7020395738,prathmeshbhilavekar220@gmail.com
LY-AIA-9,14,ADT23SOCB0798,#REF!,PREM MADHUKAR JADHAV,Batch-A,7757054941,pmjadhav1718@gmail.com
LY-AIA-9,15,ADT23SOCB0804,#REF!,PRIYADARSHINI PURUSHOTTAM WANI,Batch-A,8766857225,wanipriya863@gmail.com
LY-AIA-9,16,ADT23SOCB0922,#REF!,SAHIL SANTOSH UKIRDE,Batch-A,9699041803,premukirde00@gmail.com
LY-AIA-9,17,ADT23SOCB0960,#REF!,SAMRUDDHI SANDEEP SURYAVANSHI,Batch-A,7499049992,samruddhi1835@gmail.com
LY-AIA-9,18,ADT23SOCB0990,#REF!,SARTHAK SUHAS SONAWANE,Batch-A,7666499057,Sarthaksonawane0432@gmail.com
LY-AIA-9,19,ADT23SOCB1040,#REF!,SHIVANI SINGH,Batch-A,8092829922,singhshivani45286@gmail.com
LY-AIA-9,20,ADT23SOCB1050,#REF!,SHOURYA ASHISH SHAH,Batch-A,8975055916,shouryashah29.pnq@gmail.com
LY-AIA-9,21,ADT23SOCB1072,#REF!,SHREYA SHAKTIKUMAR MADNE,Batch-A,9730081600,shreyamadne555@gmail.com
LY-AIA-9,22,ADT23SOCB1094,#REF!,SHRUTI ARJUN BODKHE,Batch-A,8087143939,shrutibodkhe05@gmail.com
LY-AIA-9,23,ADT23SOCB1125,#REF!,SIDDHI KAILAS BHONGALE,Batch-A,7083692344,siddhik2207@gmail.com
LY-AIA-9,24,ADT23SOCB1129,#REF!,SMITSHRI SWAMINAND POTDAR,Batch-A,8806323939,smitshrispotdar@gmail.com
LY-AIA-9,25,ADT23SOCB1143,#REF!,SOHAM VAIIBHAV UPASANI,Batch-A,7038421070,sohamupasani18@outlook.com
LY-AIA-9,26,ADT23SOCB1152,#REF!,SPANDAN RAJESH CHAVAN,Batch-A,9322523845,spandanchavan2@gmail.com
LY-AIA-9,27,ADT23SOCB1159,#REF!,SUDESHNA VIVEK SAMALE,Batch-A,7972596054,sudeshnasamale@gmail.com
LY-AIA-9,28,ADT23SOCB1198,#REF!,SWAYAM SAMEER SHAH,Batch-A,7058495951,shahswayam010@gmail.com
LY-AIA-9,29,ADT23SOCB1242,#REF!,URJA AVINASH BARGE,Batch-A,8928368526,urjabarge2005@gmail.com
LY-AIA-9,30,ADT23SOCB1278,#REF!,VEDANG LAXMAN HIRAVE,Batch-A,9423261568,vedanghirave@gmail.com
LY-AIA-9,31,ADT23SOCB1289,#REF!,VEDANT RAJENDRA NAVGHARE,Batch-A,9021379717,vedantnavghare9@gmail.com
LY-AIA-9,32,ADT23SOCB1300,#REF!,VIAAN BENHUR THAKUR,Batch-A,8625824325,viaanthakur09@gmail.com
LY-AIA-9,33,ADT23SOCB1301,#REF!,VIBHA VINAYAK LAD,Batch-A,8805385595,vibhalad53@gmail.com
LY-AIA-9,34,ADT23SOCB1314,#REF!,VINIT VIMALESH PAL,Batch-A,9112798221,pal.vinit.domain@gmail.com
LY-AIA-9,35,ADT23SOCB1321,#REF!,VIREN BHARAT LANDE,Batch-A,7666108612,virenlande35@gmail.com
LY-AIA-9,36,ADT23SOCB1341,#REF!,YASH BHAVIK SHAH,Batch-A,8308403290,yashah1707@gmail.com
LY-AIA-9,37,ADT23SOCB1344,#REF!,YASH GANESH BHUJBAL,Batch-A,9665967817,yashbhujbal3003@gmail.com
LY-AIA-9,38,ADT23SOCB1359,#REF!,YASH VIVEK KHANDALE,Batch-B,9359815924,yashkhandale0005@gmail.com
LY-AIA-9,39,ADT23SOCB1360,#REF!,YASHARTH VIJAYKUMAR JADHAV,Batch-B,8432321231,vijayshree9696@gmail.com
LY-AIA-9,40,ADT23SOCB1365,#REF!,YASHRAJ SURESH HOGADE,Batch-B,8275680175,yashrajhogade942@gmail.com
LY-AIA-9,41,ADT23SOCB1376,#REF!,AMIR TARIQUE,Batch-B,9110060015,amirtarique13@gmail.com
LY-AIA-9,42,ADT23SOCB1503,#REF!,ADVAIT SAMANT,Batch-B,6350479764,advaitsamant5@outlook.com
LY-AIA-9,43,ADT24SOCBD001,#REF!,AROHI AVINASH GHOLVE,Batch-B,9405049530,aagholve@gmail.com
LY-AIA-9,44,ADT24SOCBD004,#REF!,ABHILESH SHRINIWAS,Batch-B,7249610635,shriabhilesh@gmail.com
LY-AIA-9,45,ADT24SOCBD005,#REF!,ABHISHEK KASHID,Batch-B,9307662594,abhishekkashid809@gmail.com
LY-AIA-9,46,ADT24SOCBD015,#REF!,ADITYA VASANT PATHAK,Batch-B,9356587547,adityapathak2882005@gmail.com
LY-AIA-9,47,ADT24SOCBD025,#REF!,ASHWIN GUDUR,Batch-B,9112153390,ashwingudur@gmail.com
LY-AIA-9,48,ADT24SOCBD046,#REF!,GAYATRI GANESH GAWADE,Batch-B,7720063132,gayatrigaw77@gmail.com
LY-AIA-9,49,ADT24SOCBD054,#REF!,HIMANK MAHESHWARI,Batch-B,8959367578,himankmaheshwari05@gmail.com
LY-AIA-9,50,ADT24SOCBD067,#REF!,MAYANK VINAYAK MULAY,Batch-B,9284509212,mayankmulay47@gmail.com
LY-AIA-9,51,ADT24SOCBD069,#REF!,MEDHA WADEKAR,Batch-B,7558579763,nedha.wadekar05@gmail.com
LY-AIA-9,52,ADT24SOCBD071,#REF!,MOHIT SUBHASH TADE,Batch-B,7020084315,mohitttade413241320@gmail.com
LY-AIA-9,53,ADT24SOCBD080,#REF!,OMKAR BHANDARI,Batch-B,8446720452,omkarbhandari06@gmail.com
LY-AIA-9,54,ADT24SOCBD088,#REF!,PRACHI DESAI,Batch-B,8866120381,prachidesai6461@gmail.com
LY-AIA-9,55,ADT24SOCBD102,#REF!,SATYAJEET JADHAV,Batch-B,9370700956,satyajeetjadhav.latur@gmail.com
LY-AIA-9,56,ADT24SOCBD108,#REF!,MANISH SANTOSH SHINDE,Batch-B,9322147181,shindemanish7788@gmail.com
LY-AIA-9,57,ADT24SOCBD111,#REF!,SHRAVAN RAJENDRA DESALE,Batch-B,9623074784,shravandesale5@gmail.com
LY-AIA-9,58,ADT24SOCBD113,#REF!,SHREE SHAMBHAVI,Batch-B,9199928266,shreeshambhavi666@gmail.com
LY-AIA-9,59,ADT24SOCBD129,#REF!,SURSHUT RAJESH MORDE,Batch-B,9370075519,sushrutrmorde0124@gmail.com
LY-AIA-9,60,ADT24SOCBD143,#REF!,YASH PARASKAR,Batch-B,9371574317,yashparaskar2@gmail.com
LY-AIA-9,61,ADT24SOCBD148,#REF!,ADITYA NAGESH DABHOLKAR,Batch-B,7058983274,adityadabholkar522@gmail.com
LY-AIA-9,62,ADT24SOCBD154,#REF!,TULSI VAIJNATH CHAVLE,Batch-B,9850241358,tulsichavle@gmail.com
LY-AIA-9,63,ADT24SOCBD180,#REF!,ZIYA AVEJ ATTAR,Batch-B,9767860966,ziyaattar1045@gmail.com
LY-AIA-9,64,MITU21IBCS0001,#REF!,AADARSH PRADEEP RAJPUT,Batch-B,7020313503,rajputaadarsh48@gmail.com
LY-AIA-9,65,MITU21IBCS0002,#REF!,AMOS VIVEK GAIKWAD,Batch-B,9022773294,amosgaik16@gmail.com
LY-AIA-9,66,MITU21IBCS0004,#REF!,DIGVIJAY GANESH SAKORE,Batch-B,7774039249,digvijaysakore2005@gmail.com
LY-AIA-9,67,MITU21IBCS0005,#REF!,KRISH YOGESH JESANI,Batch-B,9137851228,jesanikrish1@gmail.com
LY-AIA-9,68,MITU21IBCS0007,#REF!,NISCHOY GHOSE,Batch-B,9767433587,nischoy.ghose@gmail.com
LY-AIA-9,69,MITU21IBCS0008,#REF!,OM MAHENDRA KALE,Batch-B,8446530031,omkale3100@gmail.com
LY-AIA-9,70,MITU21IBCS0009,#REF!,PRAJ PRASHANT TARAPURKAR,Batch-B,9730011051,tarapurkarpraj@gmail.com
LY-AIA-9,71,MITU21IBCS0011,#REF!,SHRAVAN RUPESH TAKKE,Batch-B,8975732360,shravanrupeshtakke@gmail.com
LY-AIA-9,72,MITU21IBCS0012,#REF!,SHREYASH VILAS BHAGAT,Batch-B,9579972091,shreyashbhagat4448@gmail.com
LY-AIA-9,73,MITU21IBCS0015,#REF!,SWAYAM PARTE,Batch-B,7083098967,swayamparte22@gmail.com
LY-AIA-9,74,MITU21IBCS0017,#REF!,VEDSHREE HANUMANT PATIL,Batch-B,7499101256,vedshreepatil1801@gmail.com